page,link
1,https://www.nkust.edu.tw/p/403-1000-1363-1.php?Lang=zh-tw
2,https://www.nkust.edu.tw/p/403-1000-1363-2.php?Lang=zh-tw
3,https://www.nkust.edu.tw/p/403-1000-1363-3.php?Lang=zh-tw
4,https://www.nkust.edu.tw/p/403-1000-1363-4.php?Lang=zh-tw
5,https://www.nkust.edu.tw/p/403-1000-1363-5.php?Lang=zh-tw
6,https://www.nkust.edu.tw/p/403-1000-1363-6.php?Lang=zh-tw
7,https://www.nkust.edu.tw/p/403-1000-1363-7.php?Lang=zh-tw
8,https://www.nkust.edu.tw/p/403-1000-1363-8.php?Lang=zh-tw
9,https://www.nkust.edu.tw/p/403-1000-1363-9.php?Lang=zh-tw
10,https://www.nkust.edu.tw/p/403-1000-1363-10.php?Lang=zh-tw
