[{"page": 1, "link": "https://www.nkust.edu.tw/p/403-1000-1363-1.php?Lang=zh-tw"}, {"page": 2, "link": "https://www.nkust.edu.tw/p/403-1000-1363-2.php?Lang=zh-tw"}, {"page": 3, "link": "https://www.nkust.edu.tw/p/403-1000-1363-3.php?Lang=zh-tw"}, {"page": 4, "link": "https://www.nkust.edu.tw/p/403-1000-1363-4.php?Lang=zh-tw"}, {"page": 5, "link": "https://www.nkust.edu.tw/p/403-1000-1363-5.php?Lang=zh-tw"}, {"page": 6, "link": "https://www.nkust.edu.tw/p/403-1000-1363-6.php?Lang=zh-tw"}, {"page": 7, "link": "https://www.nkust.edu.tw/p/403-1000-1363-7.php?Lang=zh-tw"}, {"page": 8, "link": "https://www.nkust.edu.tw/p/403-1000-1363-8.php?Lang=zh-tw"}, {"page": 9, "link": "https://www.nkust.edu.tw/p/403-1000-1363-9.php?Lang=zh-tw"}, {"page": 10, "link": "https://www.nkust.edu.tw/p/403-1000-1363-10.php?Lang=zh-tw"}]